name,time,currentVisitors
Breiðholtslaug,2021-11-05T06:25:00Z,0
Grafarvogslaug,2021-11-05T06:25:00Z,0
Laugardalslaug,2021-11-05T06:25:00Z,0
Sundhöll Reykjavíkur,2021-11-05T06:25:00Z,0
Vesturbæjarlaug,2021-11-05T06:25:00Z,0
Árbæjarlaug,2021-11-05T06:25:00Z,0
Breiðholtslaug,2021-11-05T06:30:02Z,13
Sundhöll Reykjavíkur,2021-11-05T06:30:02Z,6
Vesturbæjarlaug,2021-11-05T06:30:02Z,5
Árbæjarlaug,2021-11-05T06:35:02Z,6
Breiðholtslaug,2021-11-05T06:35:02Z,21
Grafarvogslaug,2021-11-05T06:35:02Z,5
Laugardalslaug,2021-11-05T06:35:02Z,27
Sundhöll Reykjavíkur,2021-11-05T06:35:02Z,10
Vesturbæjarlaug,2021-11-05T06:35:02Z,13
Árbæjarlaug,2021-11-05T06:40:02Z,7
Breiðholtslaug,2021-11-05T06:40:02Z,23
Grafarvogslaug,2021-11-05T06:40:02Z,7
Laugardalslaug,2021-11-05T06:40:02Z,30
Sundhöll Reykjavíkur,2021-11-05T06:40:02Z,11
Vesturbæjarlaug,2021-11-05T06:40:02Z,16
Árbæjarlaug,2021-11-05T06:45:02Z,13
Breiðholtslaug,2021-11-05T06:45:02Z,26
Grafarvogslaug,2021-11-05T06:45:02Z,8
Laugardalslaug,2021-11-05T06:45:02Z,31
Sundhöll Reykjavíkur,2021-11-05T06:45:02Z,13
Vesturbæjarlaug,2021-11-05T06:45:02Z,19
Árbæjarlaug,2021-11-05T06:50:02Z,14
Breiðholtslaug,2021-11-05T06:50:02Z,27
Grafarvogslaug,2021-11-05T06:50:02Z,8
Laugardalslaug,2021-11-05T06:50:02Z,32
Sundhöll Reykjavíkur,2021-11-05T06:50:02Z,16
Vesturbæjarlaug,2021-11-05T06:50:02Z,24
Árbæjarlaug,2021-11-05T06:55:02Z,16
Breiðholtslaug,2021-11-05T06:55:02Z,30
Grafarvogslaug,2021-11-05T06:55:02Z,9
Laugardalslaug,2021-11-05T06:55:02Z,36
Sundhöll Reykjavíkur,2021-11-05T06:55:02Z,21
Vesturbæjarlaug,2021-11-05T06:55:02Z,26
Árbæjarlaug,2021-11-05T07:00:02Z,18
Breiðholtslaug,2021-11-05T07:00:02Z,33
Grafarvogslaug,2021-11-05T07:00:02Z,13
Laugardalslaug,2021-11-05T07:00:02Z,44
Sundhöll Reykjavíkur,2021-11-05T07:00:02Z,23
Vesturbæjarlaug,2021-11-05T07:00:02Z,33
Árbæjarlaug,2021-11-05T07:05:02Z,21
Breiðholtslaug,2021-11-05T07:05:02Z,33
Grafarvogslaug,2021-11-05T07:05:02Z,16
Laugardalslaug,2021-11-05T07:05:02Z,43
Sundhöll Reykjavíkur,2021-11-05T07:05:02Z,26
Vesturbæjarlaug,2021-11-05T07:05:02Z,40
Árbæjarlaug,2021-11-05T07:10:02Z,23
Breiðholtslaug,2021-11-05T07:10:02Z,33
Grafarvogslaug,2021-11-05T07:10:02Z,17
Laugardalslaug,2021-11-05T07:10:02Z,46
Sundhöll Reykjavíkur,2021-11-05T07:10:02Z,31
Vesturbæjarlaug,2021-11-05T07:10:02Z,43
Árbæjarlaug,2021-11-05T07:15:02Z,25
Breiðholtslaug,2021-11-05T07:15:02Z,38
Grafarvogslaug,2021-11-05T07:15:02Z,18
Laugardalslaug,2021-11-05T07:15:02Z,47
Sundhöll Reykjavíkur,2021-11-05T07:15:02Z,34
Vesturbæjarlaug,2021-11-05T07:15:02Z,45
Árbæjarlaug,2021-11-05T07:20:02Z,30
Breiðholtslaug,2021-11-05T07:20:02Z,38
Grafarvogslaug,2021-11-05T07:20:02Z,21
Laugardalslaug,2021-11-05T07:20:02Z,48
Sundhöll Reykjavíkur,2021-11-05T07:20:02Z,34
Vesturbæjarlaug,2021-11-05T07:20:02Z,49
Árbæjarlaug,2021-11-05T07:25:02Z,33
Breiðholtslaug,2021-11-05T07:25:02Z,40
Grafarvogslaug,2021-11-05T07:25:02Z,22
Laugardalslaug,2021-11-05T07:25:02Z,54
Sundhöll Reykjavíkur,2021-11-05T07:25:02Z,38
Vesturbæjarlaug,2021-11-05T07:25:02Z,52
Árbæjarlaug,2021-11-05T07:30:02Z,35
Breiðholtslaug,2021-11-05T07:30:02Z,40
Grafarvogslaug,2021-11-05T07:30:02Z,23
Laugardalslaug,2021-11-05T07:30:02Z,50
Sundhöll Reykjavíkur,2021-11-05T07:30:02Z,42
Vesturbæjarlaug,2021-11-05T07:30:02Z,54
Árbæjarlaug,2021-11-05T07:35:02Z,37
Breiðholtslaug,2021-11-05T07:35:02Z,41
Grafarvogslaug,2021-11-05T07:35:02Z,23
Laugardalslaug,2021-11-05T07:35:02Z,48
Sundhöll Reykjavíkur,2021-11-05T07:35:02Z,45
Vesturbæjarlaug,2021-11-05T07:35:02Z,58
Árbæjarlaug,2021-11-05T07:40:02Z,38
Breiðholtslaug,2021-11-05T07:40:02Z,41
Grafarvogslaug,2021-11-05T07:40:02Z,25
Laugardalslaug,2021-11-05T07:40:02Z,46
Sundhöll Reykjavíkur,2021-11-05T07:40:02Z,48
Vesturbæjarlaug,2021-11-05T07:40:02Z,59
Árbæjarlaug,2021-11-05T07:45:02Z,39
Breiðholtslaug,2021-11-05T07:45:02Z,42
Grafarvogslaug,2021-11-05T07:45:02Z,26
Laugardalslaug,2021-11-05T07:45:02Z,43
Sundhöll Reykjavíkur,2021-11-05T07:45:02Z,49
Vesturbæjarlaug,2021-11-05T07:45:02Z,59
Árbæjarlaug,2021-11-05T07:50:02Z,41
Breiðholtslaug,2021-11-05T07:50:02Z,45
Grafarvogslaug,2021-11-05T07:50:02Z,28
Laugardalslaug,2021-11-05T07:50:02Z,40
Sundhöll Reykjavíkur,2021-11-05T07:50:02Z,51
Vesturbæjarlaug,2021-11-05T07:50:02Z,60
Árbæjarlaug,2021-11-05T07:55:02Z,41
Breiðholtslaug,2021-11-05T07:55:02Z,46
Grafarvogslaug,2021-11-05T07:55:02Z,30
Laugardalslaug,2021-11-05T07:55:02Z,40
Sundhöll Reykjavíkur,2021-11-05T07:55:02Z,53
Vesturbæjarlaug,2021-11-05T07:55:02Z,61
Árbæjarlaug,2021-11-05T08:00:02Z,41
Breiðholtslaug,2021-11-05T08:00:02Z,48
Grafarvogslaug,2021-11-05T08:00:02Z,31
Laugardalslaug,2021-11-05T08:00:02Z,39
Sundhöll Reykjavíkur,2021-11-05T08:00:02Z,53
Vesturbæjarlaug,2021-11-05T08:00:02Z,63
Árbæjarlaug,2021-11-05T08:05:02Z,45
Breiðholtslaug,2021-11-05T08:05:02Z,49
Grafarvogslaug,2021-11-05T08:05:02Z,34
Laugardalslaug,2021-11-05T08:05:02Z,40
Sundhöll Reykjavíkur,2021-11-05T08:05:02Z,56
Vesturbæjarlaug,2021-11-05T08:05:02Z,65
Árbæjarlaug,2021-11-05T08:10:02Z,49
Breiðholtslaug,2021-11-05T08:10:02Z,51
Grafarvogslaug,2021-11-05T08:10:02Z,34
Laugardalslaug,2021-11-05T08:10:02Z,40
Sundhöll Reykjavíkur,2021-11-05T08:10:02Z,56
Vesturbæjarlaug,2021-11-05T08:10:02Z,65
Árbæjarlaug,2021-11-05T08:15:02Z,49
Breiðholtslaug,2021-11-05T08:15:02Z,52
Grafarvogslaug,2021-11-05T08:15:02Z,36
Laugardalslaug,2021-11-05T08:15:02Z,41
Sundhöll Reykjavíkur,2021-11-05T08:15:02Z,58
Vesturbæjarlaug,2021-11-05T08:15:02Z,66
Árbæjarlaug,2021-11-05T08:20:02Z,50
Breiðholtslaug,2021-11-05T08:20:02Z,52
Grafarvogslaug,2021-11-05T08:20:02Z,38
Laugardalslaug,2021-11-05T08:20:02Z,47
Sundhöll Reykjavíkur,2021-11-05T08:20:02Z,59
Vesturbæjarlaug,2021-11-05T08:20:02Z,66
Árbæjarlaug,2021-11-05T08:25:02Z,51
Breiðholtslaug,2021-11-05T08:25:02Z,53
Grafarvogslaug,2021-11-05T08:25:02Z,40
Laugardalslaug,2021-11-05T08:25:02Z,52
Sundhöll Reykjavíkur,2021-11-05T08:25:02Z,61
Vesturbæjarlaug,2021-11-05T08:25:02Z,66
Árbæjarlaug,2021-11-05T08:30:02Z,51
Breiðholtslaug,2021-11-05T08:30:02Z,55
Grafarvogslaug,2021-11-05T08:30:02Z,41
Laugardalslaug,2021-11-05T08:30:02Z,54
Sundhöll Reykjavíkur,2021-11-05T08:30:02Z,64
Vesturbæjarlaug,2021-11-05T08:30:02Z,69
Árbæjarlaug,2021-11-05T08:35:02Z,52
Breiðholtslaug,2021-11-05T08:35:02Z,58
Grafarvogslaug,2021-11-05T08:35:02Z,41
Laugardalslaug,2021-11-05T08:35:02Z,56
Sundhöll Reykjavíkur,2021-11-05T08:35:02Z,66
Vesturbæjarlaug,2021-11-05T08:35:02Z,71
Árbæjarlaug,2021-11-05T08:40:02Z,52
Breiðholtslaug,2021-11-05T08:40:02Z,58
Grafarvogslaug,2021-11-05T08:40:02Z,41
Laugardalslaug,2021-11-05T08:40:02Z,53
Sundhöll Reykjavíkur,2021-11-05T08:40:02Z,67
Vesturbæjarlaug,2021-11-05T08:40:02Z,73
Árbæjarlaug,2021-11-05T08:45:02Z,52
Breiðholtslaug,2021-11-05T08:45:02Z,62
Grafarvogslaug,2021-11-05T08:45:02Z,42
Laugardalslaug,2021-11-05T08:45:02Z,55
Sundhöll Reykjavíkur,2021-11-05T08:45:02Z,69
Vesturbæjarlaug,2021-11-05T08:45:02Z,74
Árbæjarlaug,2021-11-05T08:50:02Z,53
Breiðholtslaug,2021-11-05T08:50:02Z,64
Grafarvogslaug,2021-11-05T08:50:02Z,47
Laugardalslaug,2021-11-05T08:50:02Z,55
Sundhöll Reykjavíkur,2021-11-05T08:50:02Z,71
Vesturbæjarlaug,2021-11-05T08:50:02Z,77
Árbæjarlaug,2021-11-05T08:55:02Z,53
Breiðholtslaug,2021-11-05T08:55:02Z,66
Grafarvogslaug,2021-11-05T08:55:02Z,47
Laugardalslaug,2021-11-05T08:55:02Z,59
Sundhöll Reykjavíkur,2021-11-05T08:55:02Z,71
Vesturbæjarlaug,2021-11-05T08:55:02Z,77
Árbæjarlaug,2021-11-05T09:00:02Z,54
Breiðholtslaug,2021-11-05T09:00:02Z,67
Grafarvogslaug,2021-11-05T09:00:02Z,48
Laugardalslaug,2021-11-05T09:00:02Z,66
Sundhöll Reykjavíkur,2021-11-05T09:00:02Z,72
Vesturbæjarlaug,2021-11-05T09:00:02Z,78
Árbæjarlaug,2021-11-05T09:05:02Z,55
Breiðholtslaug,2021-11-05T09:05:02Z,69
Grafarvogslaug,2021-11-05T09:05:02Z,52
Laugardalslaug,2021-11-05T09:05:02Z,67
Sundhöll Reykjavíkur,2021-11-05T09:05:02Z,74
Vesturbæjarlaug,2021-11-05T09:05:02Z,82
Árbæjarlaug,2021-11-05T09:10:02Z,58
Breiðholtslaug,2021-11-05T09:10:02Z,70
Grafarvogslaug,2021-11-05T09:10:02Z,53
Laugardalslaug,2021-11-05T09:10:02Z,68
Sundhöll Reykjavíkur,2021-11-05T09:10:02Z,74
Vesturbæjarlaug,2021-11-05T09:10:02Z,86
Árbæjarlaug,2021-11-05T09:15:02Z,61
Breiðholtslaug,2021-11-05T09:15:02Z,72
Grafarvogslaug,2021-11-05T09:15:02Z,53
Laugardalslaug,2021-11-05T09:15:02Z,67
Sundhöll Reykjavíkur,2021-11-05T09:15:02Z,75
Vesturbæjarlaug,2021-11-05T09:15:02Z,87
Árbæjarlaug,2021-11-05T09:20:03Z,66
Breiðholtslaug,2021-11-05T09:20:03Z,72
Grafarvogslaug,2021-11-05T09:20:03Z,55
Laugardalslaug,2021-11-05T09:20:03Z,68
Sundhöll Reykjavíkur,2021-11-05T09:20:03Z,77
Vesturbæjarlaug,2021-11-05T09:20:03Z,91
Árbæjarlaug,2021-11-05T09:25:03Z,68
Breiðholtslaug,2021-11-05T09:25:03Z,72
Grafarvogslaug,2021-11-05T09:25:03Z,58
Laugardalslaug,2021-11-05T09:25:03Z,63
Sundhöll Reykjavíkur,2021-11-05T09:25:03Z,77
Vesturbæjarlaug,2021-11-05T09:25:03Z,93
Árbæjarlaug,2021-11-05T09:30:02Z,70
Breiðholtslaug,2021-11-05T09:30:02Z,72
Grafarvogslaug,2021-11-05T09:30:02Z,61
Laugardalslaug,2021-11-05T09:30:02Z,63
Sundhöll Reykjavíkur,2021-11-05T09:30:02Z,80
Vesturbæjarlaug,2021-11-05T09:30:02Z,96
Árbæjarlaug,2021-11-05T09:35:04Z,71
Breiðholtslaug,2021-11-05T09:35:04Z,72
Grafarvogslaug,2021-11-05T09:35:04Z,61
Laugardalslaug,2021-11-05T09:35:04Z,62
Sundhöll Reykjavíkur,2021-11-05T09:35:04Z,84
Vesturbæjarlaug,2021-11-05T09:35:04Z,100
Árbæjarlaug,2021-11-05T09:40:02Z,71
Breiðholtslaug,2021-11-05T09:40:02Z,73
Grafarvogslaug,2021-11-05T09:40:02Z,62
Laugardalslaug,2021-11-05T09:40:02Z,62
Sundhöll Reykjavíkur,2021-11-05T09:40:02Z,84
Vesturbæjarlaug,2021-11-05T09:40:02Z,103
Árbæjarlaug,2021-11-05T09:45:04Z,73
Breiðholtslaug,2021-11-05T09:45:04Z,76
Grafarvogslaug,2021-11-05T09:45:04Z,62
Laugardalslaug,2021-11-05T09:45:04Z,62
Sundhöll Reykjavíkur,2021-11-05T09:45:04Z,86
Vesturbæjarlaug,2021-11-05T09:45:04Z,105
Árbæjarlaug,2021-11-05T09:50:02Z,75
Breiðholtslaug,2021-11-05T09:50:02Z,76
Grafarvogslaug,2021-11-05T09:50:02Z,62
Laugardalslaug,2021-11-05T09:50:02Z,62
Sundhöll Reykjavíkur,2021-11-05T09:50:02Z,88
Vesturbæjarlaug,2021-11-05T09:50:02Z,106
Árbæjarlaug,2021-11-05T09:55:02Z,76
Breiðholtslaug,2021-11-05T09:55:02Z,78
Grafarvogslaug,2021-11-05T09:55:02Z,62
Laugardalslaug,2021-11-05T09:55:02Z,62
Sundhöll Reykjavíkur,2021-11-05T09:55:02Z,88
Vesturbæjarlaug,2021-11-05T09:55:02Z,107
Árbæjarlaug,2021-11-05T10:00:03Z,76
Breiðholtslaug,2021-11-05T10:00:03Z,80
Grafarvogslaug,2021-11-05T10:00:03Z,64
Laugardalslaug,2021-11-05T10:00:03Z,59
Sundhöll Reykjavíkur,2021-11-05T10:00:03Z,89
Vesturbæjarlaug,2021-11-05T10:00:03Z,109
Árbæjarlaug,2021-11-05T10:05:03Z,77
Breiðholtslaug,2021-11-05T10:05:03Z,81
Grafarvogslaug,2021-11-05T10:05:03Z,65
Laugardalslaug,2021-11-05T10:05:03Z,60
Sundhöll Reykjavíkur,2021-11-05T10:05:03Z,92
Vesturbæjarlaug,2021-11-05T10:05:03Z,111
Árbæjarlaug,2021-11-05T10:10:02Z,78
Breiðholtslaug,2021-11-05T10:10:02Z,84
Grafarvogslaug,2021-11-05T10:10:02Z,68
Laugardalslaug,2021-11-05T10:10:02Z,64
Sundhöll Reykjavíkur,2021-11-05T10:10:02Z,94
Vesturbæjarlaug,2021-11-05T10:10:02Z,111
Árbæjarlaug,2021-11-05T10:15:03Z,78
Breiðholtslaug,2021-11-05T10:15:03Z,85
Grafarvogslaug,2021-11-05T10:15:03Z,70
Laugardalslaug,2021-11-05T10:15:03Z,66
Sundhöll Reykjavíkur,2021-11-05T10:15:03Z,95
Vesturbæjarlaug,2021-11-05T10:15:03Z,112
Árbæjarlaug,2021-11-05T10:20:03Z,80
Breiðholtslaug,2021-11-05T10:20:03Z,87
Grafarvogslaug,2021-11-05T10:20:03Z,70
Laugardalslaug,2021-11-05T10:20:03Z,69
Sundhöll Reykjavíkur,2021-11-05T10:20:03Z,99
Vesturbæjarlaug,2021-11-05T10:20:03Z,113
Árbæjarlaug,2021-11-05T10:25:04Z,80
Breiðholtslaug,2021-11-05T10:25:04Z,90
Grafarvogslaug,2021-11-05T10:25:04Z,73
Laugardalslaug,2021-11-05T10:25:04Z,68
Sundhöll Reykjavíkur,2021-11-05T10:25:04Z,100
Vesturbæjarlaug,2021-11-05T10:25:04Z,113
Árbæjarlaug,2021-11-05T10:30:03Z,81
Breiðholtslaug,2021-11-05T10:30:03Z,91
Grafarvogslaug,2021-11-05T10:30:03Z,73
Laugardalslaug,2021-11-05T10:30:03Z,75
Sundhöll Reykjavíkur,2021-11-05T10:30:03Z,103
Vesturbæjarlaug,2021-11-05T10:30:03Z,117
Árbæjarlaug,2021-11-05T10:35:03Z,82
Breiðholtslaug,2021-11-05T10:35:03Z,95
Grafarvogslaug,2021-11-05T10:35:03Z,74
Laugardalslaug,2021-11-05T10:35:03Z,69
Sundhöll Reykjavíkur,2021-11-05T10:35:03Z,106
Vesturbæjarlaug,2021-11-05T10:35:03Z,117
Árbæjarlaug,2021-11-05T10:40:02Z,82
Breiðholtslaug,2021-11-05T10:40:02Z,95
Grafarvogslaug,2021-11-05T10:40:02Z,74
Laugardalslaug,2021-11-05T10:40:02Z,69
Sundhöll Reykjavíkur,2021-11-05T10:40:02Z,110
Vesturbæjarlaug,2021-11-05T10:40:02Z,120
Árbæjarlaug,2021-11-05T10:45:04Z,85
Breiðholtslaug,2021-11-05T10:45:04Z,98
Grafarvogslaug,2021-11-05T10:45:04Z,76
Laugardalslaug,2021-11-05T10:45:04Z,75
Sundhöll Reykjavíkur,2021-11-05T10:45:04Z,114
Vesturbæjarlaug,2021-11-05T10:45:04Z,123
Árbæjarlaug,2021-11-05T10:50:02Z,87
Breiðholtslaug,2021-11-05T10:50:02Z,98
Grafarvogslaug,2021-11-05T10:50:02Z,76
Laugardalslaug,2021-11-05T10:50:02Z,75
Sundhöll Reykjavíkur,2021-11-05T10:50:02Z,114
Vesturbæjarlaug,2021-11-05T10:50:02Z,124
Árbæjarlaug,2021-11-05T10:55:03Z,89
Breiðholtslaug,2021-11-05T10:55:03Z,98
Grafarvogslaug,2021-11-05T10:55:03Z,78
Laugardalslaug,2021-11-05T10:55:03Z,77
Sundhöll Reykjavíkur,2021-11-05T10:55:03Z,115
Vesturbæjarlaug,2021-11-05T10:55:03Z,126
Árbæjarlaug,2021-11-05T11:00:03Z,90
Breiðholtslaug,2021-11-05T11:00:03Z,98
Grafarvogslaug,2021-11-05T11:00:03Z,78
Laugardalslaug,2021-11-05T11:00:03Z,80
Sundhöll Reykjavíkur,2021-11-05T11:00:03Z,115
Vesturbæjarlaug,2021-11-05T11:00:03Z,129
Árbæjarlaug,2021-11-05T11:05:03Z,90
Breiðholtslaug,2021-11-05T11:05:03Z,98
Grafarvogslaug,2021-11-05T11:05:03Z,78
Laugardalslaug,2021-11-05T11:05:03Z,81
Sundhöll Reykjavíkur,2021-11-05T11:05:03Z,117
Vesturbæjarlaug,2021-11-05T11:05:03Z,132
Árbæjarlaug,2021-11-05T11:10:02Z,90
Breiðholtslaug,2021-11-05T11:10:02Z,102
Grafarvogslaug,2021-11-05T11:10:02Z,78
Laugardalslaug,2021-11-05T11:10:02Z,81
Sundhöll Reykjavíkur,2021-11-05T11:10:02Z,118
Vesturbæjarlaug,2021-11-05T11:10:02Z,134
Árbæjarlaug,2021-11-05T11:15:02Z,91
Breiðholtslaug,2021-11-05T11:15:02Z,103
Grafarvogslaug,2021-11-05T11:15:02Z,79
Laugardalslaug,2021-11-05T11:15:02Z,83
Sundhöll Reykjavíkur,2021-11-05T11:15:02Z,122
Vesturbæjarlaug,2021-11-05T11:15:02Z,135
Árbæjarlaug,2021-11-05T11:20:03Z,91
Breiðholtslaug,2021-11-05T11:20:03Z,104
Grafarvogslaug,2021-11-05T11:20:03Z,79
Laugardalslaug,2021-11-05T11:20:03Z,82
Sundhöll Reykjavíkur,2021-11-05T11:20:03Z,123
Vesturbæjarlaug,2021-11-05T11:20:03Z,135
Árbæjarlaug,2021-11-05T11:25:02Z,92
Breiðholtslaug,2021-11-05T11:25:02Z,104
Grafarvogslaug,2021-11-05T11:25:02Z,80
Laugardalslaug,2021-11-05T11:25:02Z,81
Sundhöll Reykjavíkur,2021-11-05T11:25:02Z,125
Vesturbæjarlaug,2021-11-05T11:25:02Z,138
Árbæjarlaug,2021-11-05T11:30:02Z,92
Breiðholtslaug,2021-11-05T11:30:02Z,105
Grafarvogslaug,2021-11-05T11:30:02Z,82
Laugardalslaug,2021-11-05T11:30:02Z,81
Sundhöll Reykjavíkur,2021-11-05T11:30:02Z,126
Vesturbæjarlaug,2021-11-05T11:30:02Z,141
Árbæjarlaug,2021-11-05T11:35:02Z,93
Breiðholtslaug,2021-11-05T11:35:02Z,105
Grafarvogslaug,2021-11-05T11:35:02Z,83
Laugardalslaug,2021-11-05T11:35:02Z,83
Sundhöll Reykjavíkur,2021-11-05T11:35:02Z,126
Vesturbæjarlaug,2021-11-05T11:35:02Z,143
Árbæjarlaug,2021-11-05T11:40:02Z,93
Breiðholtslaug,2021-11-05T11:40:02Z,105
Grafarvogslaug,2021-11-05T11:40:02Z,84
Laugardalslaug,2021-11-05T11:40:02Z,78
Sundhöll Reykjavíkur,2021-11-05T11:40:02Z,130
Vesturbæjarlaug,2021-11-05T11:40:02Z,148
Árbæjarlaug,2021-11-05T11:45:02Z,94
Breiðholtslaug,2021-11-05T11:45:02Z,105
Grafarvogslaug,2021-11-05T11:45:02Z,85
Laugardalslaug,2021-11-05T11:45:02Z,76
Sundhöll Reykjavíkur,2021-11-05T11:45:02Z,130
Vesturbæjarlaug,2021-11-05T11:45:02Z,153
Árbæjarlaug,2021-11-05T11:50:02Z,94
Breiðholtslaug,2021-11-05T11:50:02Z,106
Grafarvogslaug,2021-11-05T11:50:02Z,85
Laugardalslaug,2021-11-05T11:50:02Z,74
Sundhöll Reykjavíkur,2021-11-05T11:50:02Z,133
Vesturbæjarlaug,2021-11-05T11:50:02Z,155
Árbæjarlaug,2021-11-05T11:55:03Z,96
Breiðholtslaug,2021-11-05T11:55:03Z,107
Grafarvogslaug,2021-11-05T11:55:03Z,85
Laugardalslaug,2021-11-05T11:55:03Z,75
Sundhöll Reykjavíkur,2021-11-05T11:55:03Z,135
Vesturbæjarlaug,2021-11-05T11:55:03Z,157
Árbæjarlaug,2021-11-05T12:00:02Z,98
Breiðholtslaug,2021-11-05T12:00:02Z,110
Grafarvogslaug,2021-11-05T12:00:02Z,85
Laugardalslaug,2021-11-05T12:00:02Z,78
Sundhöll Reykjavíkur,2021-11-05T12:00:02Z,140
Vesturbæjarlaug,2021-11-05T12:00:02Z,158
Árbæjarlaug,2021-11-05T12:05:02Z,99
Breiðholtslaug,2021-11-05T12:05:02Z,113
Grafarvogslaug,2021-11-05T12:05:02Z,88
Laugardalslaug,2021-11-05T12:05:02Z,79
Sundhöll Reykjavíkur,2021-11-05T12:05:02Z,140
Vesturbæjarlaug,2021-11-05T12:05:02Z,160
Árbæjarlaug,2021-11-05T12:10:02Z,100
Breiðholtslaug,2021-11-05T12:10:02Z,116
Grafarvogslaug,2021-11-05T12:10:02Z,88
Laugardalslaug,2021-11-05T12:10:02Z,83
Sundhöll Reykjavíkur,2021-11-05T12:10:02Z,144
Vesturbæjarlaug,2021-11-05T12:10:02Z,160
Árbæjarlaug,2021-11-05T12:15:02Z,102
Breiðholtslaug,2021-11-05T12:15:02Z,118
Grafarvogslaug,2021-11-05T12:15:02Z,90
Laugardalslaug,2021-11-05T12:15:02Z,83
Sundhöll Reykjavíkur,2021-11-05T12:15:02Z,148
Vesturbæjarlaug,2021-11-05T12:15:02Z,164
Árbæjarlaug,2021-11-05T12:20:02Z,102
Breiðholtslaug,2021-11-05T12:20:02Z,118
Grafarvogslaug,2021-11-05T12:20:02Z,92
Laugardalslaug,2021-11-05T12:20:02Z,83
Sundhöll Reykjavíkur,2021-11-05T12:20:02Z,154
Vesturbæjarlaug,2021-11-05T12:20:02Z,167
Árbæjarlaug,2021-11-05T12:25:02Z,102
Breiðholtslaug,2021-11-05T12:25:02Z,118
Grafarvogslaug,2021-11-05T12:25:02Z,92
Laugardalslaug,2021-11-05T12:25:02Z,79
Sundhöll Reykjavíkur,2021-11-05T12:25:02Z,156
Vesturbæjarlaug,2021-11-05T12:25:02Z,168
Árbæjarlaug,2021-11-05T12:30:02Z,104
Breiðholtslaug,2021-11-05T12:30:02Z,119
Grafarvogslaug,2021-11-05T12:30:02Z,92
Laugardalslaug,2021-11-05T12:30:02Z,81
Sundhöll Reykjavíkur,2021-11-05T12:30:02Z,156
Vesturbæjarlaug,2021-11-05T12:30:02Z,171
Árbæjarlaug,2021-11-05T12:35:02Z,106
Breiðholtslaug,2021-11-05T12:35:02Z,119
Grafarvogslaug,2021-11-05T12:35:02Z,92
Laugardalslaug,2021-11-05T12:35:02Z,80
Sundhöll Reykjavíkur,2021-11-05T12:35:02Z,157
Vesturbæjarlaug,2021-11-05T12:35:02Z,172
Árbæjarlaug,2021-11-05T12:40:02Z,109
Breiðholtslaug,2021-11-05T12:40:02Z,119
Grafarvogslaug,2021-11-05T12:40:02Z,95
Laugardalslaug,2021-11-05T12:40:02Z,81
Sundhöll Reykjavíkur,2021-11-05T12:40:02Z,157
Vesturbæjarlaug,2021-11-05T12:40:02Z,173
Árbæjarlaug,2021-11-05T12:45:02Z,110
Breiðholtslaug,2021-11-05T12:45:02Z,119
Grafarvogslaug,2021-11-05T12:45:02Z,95
Laugardalslaug,2021-11-05T12:45:02Z,81
Sundhöll Reykjavíkur,2021-11-05T12:45:02Z,158
Vesturbæjarlaug,2021-11-05T12:45:02Z,175
Árbæjarlaug,2021-11-05T12:50:02Z,111
Breiðholtslaug,2021-11-05T12:50:02Z,119
Grafarvogslaug,2021-11-05T12:50:02Z,96
Laugardalslaug,2021-11-05T12:50:02Z,77
Sundhöll Reykjavíkur,2021-11-05T12:50:02Z,158
Vesturbæjarlaug,2021-11-05T12:50:02Z,177
Árbæjarlaug,2021-11-05T12:55:02Z,111
Breiðholtslaug,2021-11-05T12:55:02Z,121
Grafarvogslaug,2021-11-05T12:55:02Z,96
Laugardalslaug,2021-11-05T12:55:02Z,75
Sundhöll Reykjavíkur,2021-11-05T12:55:02Z,159
Vesturbæjarlaug,2021-11-05T12:55:02Z,181
Árbæjarlaug,2021-11-05T13:00:02Z,115
Breiðholtslaug,2021-11-05T13:00:02Z,122
Grafarvogslaug,2021-11-05T13:00:02Z,96
Laugardalslaug,2021-11-05T13:00:02Z,73
Sundhöll Reykjavíkur,2021-11-05T13:00:02Z,161
Vesturbæjarlaug,2021-11-05T13:00:02Z,183
Árbæjarlaug,2021-11-05T13:05:02Z,117
Breiðholtslaug,2021-11-05T13:05:02Z,123
Grafarvogslaug,2021-11-05T13:05:02Z,97
Laugardalslaug,2021-11-05T13:05:02Z,77
Sundhöll Reykjavíkur,2021-11-05T13:05:02Z,162
Vesturbæjarlaug,2021-11-05T13:05:02Z,187
Árbæjarlaug,2021-11-05T13:10:02Z,117
Breiðholtslaug,2021-11-05T13:10:02Z,125
Grafarvogslaug,2021-11-05T13:10:02Z,98
Laugardalslaug,2021-11-05T13:10:02Z,76
Sundhöll Reykjavíkur,2021-11-05T13:10:02Z,166
Vesturbæjarlaug,2021-11-05T13:10:02Z,191
Árbæjarlaug,2021-11-05T13:15:02Z,118
Breiðholtslaug,2021-11-05T13:15:02Z,127
Grafarvogslaug,2021-11-05T13:15:02Z,98
Laugardalslaug,2021-11-05T13:15:02Z,77
Sundhöll Reykjavíkur,2021-11-05T13:15:02Z,169
Vesturbæjarlaug,2021-11-05T13:15:02Z,196
Árbæjarlaug,2021-11-05T13:20:02Z,122
Breiðholtslaug,2021-11-05T13:20:02Z,128
Grafarvogslaug,2021-11-05T13:20:02Z,98
Laugardalslaug,2021-11-05T13:20:02Z,77
Sundhöll Reykjavíkur,2021-11-05T13:20:02Z,171
Vesturbæjarlaug,2021-11-05T13:20:02Z,199
Árbæjarlaug,2021-11-05T13:25:02Z,122
Breiðholtslaug,2021-11-05T13:25:02Z,129
Grafarvogslaug,2021-11-05T13:25:02Z,98
Laugardalslaug,2021-11-05T13:25:02Z,76
Sundhöll Reykjavíkur,2021-11-05T13:25:02Z,173
Vesturbæjarlaug,2021-11-05T13:25:02Z,203
Árbæjarlaug,2021-11-05T13:30:02Z,122
Breiðholtslaug,2021-11-05T13:30:02Z,131
Grafarvogslaug,2021-11-05T13:30:02Z,99
Laugardalslaug,2021-11-05T13:30:02Z,76
Sundhöll Reykjavíkur,2021-11-05T13:30:02Z,175
Vesturbæjarlaug,2021-11-05T13:30:02Z,207
Árbæjarlaug,2021-11-05T13:35:02Z,122
Breiðholtslaug,2021-11-05T13:35:02Z,132
Grafarvogslaug,2021-11-05T13:35:02Z,99
Laugardalslaug,2021-11-05T13:35:02Z,77
Sundhöll Reykjavíkur,2021-11-05T13:35:02Z,178
Vesturbæjarlaug,2021-11-05T13:35:02Z,208
Árbæjarlaug,2021-11-05T13:40:02Z,122
Breiðholtslaug,2021-11-05T13:40:02Z,135
Grafarvogslaug,2021-11-05T13:40:02Z,99
Laugardalslaug,2021-11-05T13:40:02Z,75
Sundhöll Reykjavíkur,2021-11-05T13:40:02Z,181
Vesturbæjarlaug,2021-11-05T13:40:02Z,208
Árbæjarlaug,2021-11-05T13:45:02Z,123
Breiðholtslaug,2021-11-05T13:45:02Z,139
Grafarvogslaug,2021-11-05T13:45:02Z,99
Laugardalslaug,2021-11-05T13:45:02Z,77
Sundhöll Reykjavíkur,2021-11-05T13:45:02Z,183
Vesturbæjarlaug,2021-11-05T13:45:02Z,208
Árbæjarlaug,2021-11-05T13:50:02Z,123
Breiðholtslaug,2021-11-05T13:50:02Z,140
Grafarvogslaug,2021-11-05T13:50:02Z,100
Laugardalslaug,2021-11-05T13:50:02Z,81
Sundhöll Reykjavíkur,2021-11-05T13:50:02Z,183
Vesturbæjarlaug,2021-11-05T13:50:02Z,209
Árbæjarlaug,2021-11-05T13:55:02Z,125
Breiðholtslaug,2021-11-05T13:55:02Z,141
Grafarvogslaug,2021-11-05T13:55:02Z,101
Laugardalslaug,2021-11-05T13:55:02Z,84
Sundhöll Reykjavíkur,2021-11-05T13:55:02Z,187
Vesturbæjarlaug,2021-11-05T13:55:02Z,211
Árbæjarlaug,2021-11-05T14:00:02Z,125
Breiðholtslaug,2021-11-05T14:00:02Z,142
Grafarvogslaug,2021-11-05T14:00:02Z,104
Laugardalslaug,2021-11-05T14:00:02Z,83
Sundhöll Reykjavíkur,2021-11-05T14:00:02Z,191
Vesturbæjarlaug,2021-11-05T14:00:02Z,214
Árbæjarlaug,2021-11-05T14:05:02Z,130
Breiðholtslaug,2021-11-05T14:05:02Z,143
Grafarvogslaug,2021-11-05T14:05:02Z,105
Laugardalslaug,2021-11-05T14:05:02Z,86
Sundhöll Reykjavíkur,2021-11-05T14:05:02Z,195
Vesturbæjarlaug,2021-11-05T14:05:02Z,217
Árbæjarlaug,2021-11-05T14:10:02Z,132
Breiðholtslaug,2021-11-05T14:10:02Z,143
Grafarvogslaug,2021-11-05T14:10:02Z,106
Laugardalslaug,2021-11-05T14:10:02Z,86
Sundhöll Reykjavíkur,2021-11-05T14:10:02Z,195
Vesturbæjarlaug,2021-11-05T14:10:02Z,220
Árbæjarlaug,2021-11-05T14:15:02Z,135
Breiðholtslaug,2021-11-05T14:15:02Z,144
Grafarvogslaug,2021-11-05T14:15:02Z,109
Laugardalslaug,2021-11-05T14:15:02Z,86
Sundhöll Reykjavíkur,2021-11-05T14:15:02Z,196
Vesturbæjarlaug,2021-11-05T14:15:02Z,223
Árbæjarlaug,2021-11-05T14:20:02Z,137
Breiðholtslaug,2021-11-05T14:20:02Z,145
Grafarvogslaug,2021-11-05T14:20:02Z,109
Laugardalslaug,2021-11-05T14:20:02Z,89
Sundhöll Reykjavíkur,2021-11-05T14:20:02Z,199
Vesturbæjarlaug,2021-11-05T14:20:02Z,223
Árbæjarlaug,2021-11-05T14:25:02Z,138
Breiðholtslaug,2021-11-05T14:25:02Z,146
Grafarvogslaug,2021-11-05T14:25:02Z,109
Laugardalslaug,2021-11-05T14:25:02Z,92
Sundhöll Reykjavíkur,2021-11-05T14:25:02Z,199
Vesturbæjarlaug,2021-11-05T14:25:02Z,223
Árbæjarlaug,2021-11-05T14:30:02Z,139
Breiðholtslaug,2021-11-05T14:30:02Z,148
Grafarvogslaug,2021-11-05T14:30:02Z,111
Laugardalslaug,2021-11-05T14:30:02Z,95
Sundhöll Reykjavíkur,2021-11-05T14:30:02Z,202
Vesturbæjarlaug,2021-11-05T14:30:02Z,225
Árbæjarlaug,2021-11-05T14:35:02Z,140
Breiðholtslaug,2021-11-05T14:35:02Z,150
Grafarvogslaug,2021-11-05T14:35:02Z,116
Laugardalslaug,2021-11-05T14:35:02Z,97
Sundhöll Reykjavíkur,2021-11-05T14:35:02Z,206
Vesturbæjarlaug,2021-11-05T14:35:02Z,230
Árbæjarlaug,2021-11-05T14:40:02Z,141
Breiðholtslaug,2021-11-05T14:40:02Z,151
Grafarvogslaug,2021-11-05T14:40:02Z,117
Laugardalslaug,2021-11-05T14:40:02Z,100
Sundhöll Reykjavíkur,2021-11-05T14:40:02Z,207
Vesturbæjarlaug,2021-11-05T14:40:02Z,232
Árbæjarlaug,2021-11-05T14:45:02Z,143
Breiðholtslaug,2021-11-05T14:45:02Z,151
Grafarvogslaug,2021-11-05T14:45:02Z,118
Laugardalslaug,2021-11-05T14:45:02Z,101
Sundhöll Reykjavíkur,2021-11-05T14:45:02Z,208
Vesturbæjarlaug,2021-11-05T14:45:02Z,234
Árbæjarlaug,2021-11-05T14:50:02Z,144
Breiðholtslaug,2021-11-05T14:50:02Z,151
Grafarvogslaug,2021-11-05T14:50:02Z,118
Laugardalslaug,2021-11-05T14:50:02Z,106
Sundhöll Reykjavíkur,2021-11-05T14:50:02Z,209
Vesturbæjarlaug,2021-11-05T14:50:02Z,238
Árbæjarlaug,2021-11-05T14:55:02Z,144
Breiðholtslaug,2021-11-05T14:55:02Z,153
Grafarvogslaug,2021-11-05T14:55:02Z,120
Laugardalslaug,2021-11-05T14:55:02Z,107
Sundhöll Reykjavíkur,2021-11-05T14:55:02Z,211
Vesturbæjarlaug,2021-11-05T14:55:02Z,243
Árbæjarlaug,2021-11-05T15:00:03Z,144
Breiðholtslaug,2021-11-05T15:00:03Z,155
Grafarvogslaug,2021-11-05T15:00:03Z,122
Laugardalslaug,2021-11-05T15:00:03Z,104
Sundhöll Reykjavíkur,2021-11-05T15:00:03Z,213
Vesturbæjarlaug,2021-11-05T15:00:03Z,244
Árbæjarlaug,2021-11-05T15:05:02Z,147
Breiðholtslaug,2021-11-05T15:05:02Z,155
Grafarvogslaug,2021-11-05T15:05:02Z,122
Laugardalslaug,2021-11-05T15:05:02Z,106
Sundhöll Reykjavíkur,2021-11-05T15:05:02Z,217
Vesturbæjarlaug,2021-11-05T15:05:02Z,244
Árbæjarlaug,2021-11-05T15:10:02Z,147
Breiðholtslaug,2021-11-05T15:10:02Z,155
Grafarvogslaug,2021-11-05T15:10:02Z,124
Laugardalslaug,2021-11-05T15:10:02Z,105
Sundhöll Reykjavíkur,2021-11-05T15:10:02Z,221
Vesturbæjarlaug,2021-11-05T15:10:02Z,244
Árbæjarlaug,2021-11-05T15:15:02Z,148
Breiðholtslaug,2021-11-05T15:15:02Z,156
Grafarvogslaug,2021-11-05T15:15:02Z,129
Laugardalslaug,2021-11-05T15:15:02Z,105
Sundhöll Reykjavíkur,2021-11-05T15:15:02Z,223
Vesturbæjarlaug,2021-11-05T15:15:02Z,247
Árbæjarlaug,2021-11-05T15:20:02Z,150
Breiðholtslaug,2021-11-05T15:20:02Z,157
Grafarvogslaug,2021-11-05T15:20:02Z,130
Laugardalslaug,2021-11-05T15:20:02Z,105
Sundhöll Reykjavíkur,2021-11-05T15:20:02Z,225
Vesturbæjarlaug,2021-11-05T15:20:02Z,251
Árbæjarlaug,2021-11-05T15:25:02Z,151
Breiðholtslaug,2021-11-05T15:25:02Z,157
Grafarvogslaug,2021-11-05T15:25:02Z,130
Laugardalslaug,2021-11-05T15:25:02Z,103
Sundhöll Reykjavíkur,2021-11-05T15:25:02Z,228
Vesturbæjarlaug,2021-11-05T15:25:02Z,254
Árbæjarlaug,2021-11-05T15:30:02Z,153
Breiðholtslaug,2021-11-05T15:30:02Z,158
Grafarvogslaug,2021-11-05T15:30:02Z,131
Laugardalslaug,2021-11-05T15:30:02Z,106
Sundhöll Reykjavíkur,2021-11-05T15:30:02Z,232
Vesturbæjarlaug,2021-11-05T15:30:02Z,256
Árbæjarlaug,2021-11-05T15:35:02Z,157
Breiðholtslaug,2021-11-05T15:35:02Z,158
Grafarvogslaug,2021-11-05T15:35:02Z,131
Laugardalslaug,2021-11-05T15:35:02Z,106
Sundhöll Reykjavíkur,2021-11-05T15:35:02Z,236
Vesturbæjarlaug,2021-11-05T15:35:02Z,258
Árbæjarlaug,2021-11-05T15:40:02Z,158
Breiðholtslaug,2021-11-05T15:40:02Z,160
Grafarvogslaug,2021-11-05T15:40:02Z,134
Laugardalslaug,2021-11-05T15:40:02Z,109
Sundhöll Reykjavíkur,2021-11-05T15:40:02Z,236
Vesturbæjarlaug,2021-11-05T15:40:02Z,260
Árbæjarlaug,2021-11-05T15:45:02Z,159
Breiðholtslaug,2021-11-05T15:45:02Z,160
Grafarvogslaug,2021-11-05T15:45:02Z,135
Laugardalslaug,2021-11-05T15:45:02Z,111
Sundhöll Reykjavíkur,2021-11-05T15:45:02Z,237
Vesturbæjarlaug,2021-11-05T15:45:02Z,264
Árbæjarlaug,2021-11-05T15:50:02Z,165
Breiðholtslaug,2021-11-05T15:50:02Z,161
Grafarvogslaug,2021-11-05T15:50:02Z,136
Laugardalslaug,2021-11-05T15:50:02Z,116
Sundhöll Reykjavíkur,2021-11-05T15:50:02Z,240
Vesturbæjarlaug,2021-11-05T15:50:02Z,268
Árbæjarlaug,2021-11-05T15:55:02Z,166
Breiðholtslaug,2021-11-05T15:55:02Z,162
Grafarvogslaug,2021-11-05T15:55:02Z,139
Laugardalslaug,2021-11-05T15:55:02Z,121
Sundhöll Reykjavíkur,2021-11-05T15:55:02Z,244
Vesturbæjarlaug,2021-11-05T15:55:02Z,272
Árbæjarlaug,2021-11-05T16:00:03Z,166
Breiðholtslaug,2021-11-05T16:00:03Z,165
Grafarvogslaug,2021-11-05T16:00:03Z,143
Laugardalslaug,2021-11-05T16:00:03Z,131
Sundhöll Reykjavíkur,2021-11-05T16:00:03Z,247
Vesturbæjarlaug,2021-11-05T16:00:03Z,274
Árbæjarlaug,2021-11-05T16:05:02Z,167
Breiðholtslaug,2021-11-05T16:05:02Z,168
Grafarvogslaug,2021-11-05T16:05:02Z,144
Laugardalslaug,2021-11-05T16:05:02Z,135
Sundhöll Reykjavíkur,2021-11-05T16:05:02Z,248
Vesturbæjarlaug,2021-11-05T16:05:02Z,277
Árbæjarlaug,2021-11-05T16:10:02Z,168
Breiðholtslaug,2021-11-05T16:10:02Z,171
Grafarvogslaug,2021-11-05T16:10:02Z,147
Laugardalslaug,2021-11-05T16:10:02Z,139
Sundhöll Reykjavíkur,2021-11-05T16:10:02Z,251
Vesturbæjarlaug,2021-11-05T16:10:02Z,281
Árbæjarlaug,2021-11-05T16:15:02Z,169
Breiðholtslaug,2021-11-05T16:15:02Z,174
Grafarvogslaug,2021-11-05T16:15:02Z,147
Laugardalslaug,2021-11-05T16:15:02Z,139
Sundhöll Reykjavíkur,2021-11-05T16:15:02Z,252
Vesturbæjarlaug,2021-11-05T16:15:02Z,284
Árbæjarlaug,2021-11-05T16:20:02Z,170
Breiðholtslaug,2021-11-05T16:20:02Z,175
Grafarvogslaug,2021-11-05T16:20:02Z,150
Laugardalslaug,2021-11-05T16:20:02Z,141
Sundhöll Reykjavíkur,2021-11-05T16:20:02Z,254
Vesturbæjarlaug,2021-11-05T16:20:02Z,293
Árbæjarlaug,2021-11-05T16:25:02Z,172
Breiðholtslaug,2021-11-05T16:25:02Z,176
Grafarvogslaug,2021-11-05T16:25:02Z,150
Laugardalslaug,2021-11-05T16:25:02Z,143
Sundhöll Reykjavíkur,2021-11-05T16:25:02Z,256
Vesturbæjarlaug,2021-11-05T16:25:02Z,301
Árbæjarlaug,2021-11-05T16:30:02Z,174
Breiðholtslaug,2021-11-05T16:30:02Z,176
Grafarvogslaug,2021-11-05T16:30:02Z,150
Laugardalslaug,2021-11-05T16:30:02Z,148
Sundhöll Reykjavíkur,2021-11-05T16:30:02Z,258
Vesturbæjarlaug,2021-11-05T16:30:02Z,306
Árbæjarlaug,2021-11-05T16:35:02Z,175
Breiðholtslaug,2021-11-05T16:35:02Z,176
Grafarvogslaug,2021-11-05T16:35:02Z,150
Laugardalslaug,2021-11-05T16:35:02Z,155
Sundhöll Reykjavíkur,2021-11-05T16:35:02Z,262
Vesturbæjarlaug,2021-11-05T16:35:02Z,308
Árbæjarlaug,2021-11-05T16:40:02Z,177
Breiðholtslaug,2021-11-05T16:40:02Z,178
Grafarvogslaug,2021-11-05T16:40:02Z,153
Laugardalslaug,2021-11-05T16:40:02Z,155
Sundhöll Reykjavíkur,2021-11-05T16:40:02Z,265
Vesturbæjarlaug,2021-11-05T16:40:02Z,312
Árbæjarlaug,2021-11-05T16:45:02Z,177
Breiðholtslaug,2021-11-05T16:45:02Z,178
Grafarvogslaug,2021-11-05T16:45:02Z,153
Laugardalslaug,2021-11-05T16:45:02Z,155
Sundhöll Reykjavíkur,2021-11-05T16:45:02Z,266
Vesturbæjarlaug,2021-11-05T16:45:02Z,321
Árbæjarlaug,2021-11-05T16:50:02Z,177
Breiðholtslaug,2021-11-05T16:50:02Z,180
Grafarvogslaug,2021-11-05T16:50:02Z,154
Laugardalslaug,2021-11-05T16:50:02Z,161
Sundhöll Reykjavíkur,2021-11-05T16:50:02Z,272
Vesturbæjarlaug,2021-11-05T16:50:02Z,328
Árbæjarlaug,2021-11-05T16:55:02Z,177
Breiðholtslaug,2021-11-05T16:55:02Z,184
Grafarvogslaug,2021-11-05T16:55:02Z,154
Laugardalslaug,2021-11-05T16:55:02Z,164
Sundhöll Reykjavíkur,2021-11-05T16:55:02Z,274
Vesturbæjarlaug,2021-11-05T16:55:02Z,332
Árbæjarlaug,2021-11-05T17:00:03Z,178
Breiðholtslaug,2021-11-05T17:00:03Z,185
Grafarvogslaug,2021-11-05T17:00:03Z,154
Laugardalslaug,2021-11-05T17:00:03Z,169
Sundhöll Reykjavíkur,2021-11-05T17:00:03Z,281
Vesturbæjarlaug,2021-11-05T17:00:03Z,334
Árbæjarlaug,2021-11-05T17:05:02Z,179
Breiðholtslaug,2021-11-05T17:05:02Z,187
Grafarvogslaug,2021-11-05T17:05:02Z,160
Laugardalslaug,2021-11-05T17:05:02Z,171
Sundhöll Reykjavíkur,2021-11-05T17:05:02Z,285
Vesturbæjarlaug,2021-11-05T17:05:02Z,336
Árbæjarlaug,2021-11-05T17:10:02Z,179
Breiðholtslaug,2021-11-05T17:10:02Z,190
Grafarvogslaug,2021-11-05T17:10:02Z,162
Laugardalslaug,2021-11-05T17:10:02Z,168
Sundhöll Reykjavíkur,2021-11-05T17:10:02Z,294
Vesturbæjarlaug,2021-11-05T17:10:02Z,339
Árbæjarlaug,2021-11-05T17:15:02Z,180
Breiðholtslaug,2021-11-05T17:15:02Z,192
Grafarvogslaug,2021-11-05T17:15:02Z,164
Laugardalslaug,2021-11-05T17:15:02Z,177
Sundhöll Reykjavíkur,2021-11-05T17:15:02Z,296
Vesturbæjarlaug,2021-11-05T17:15:02Z,340
Árbæjarlaug,2021-11-05T17:20:02Z,182
Breiðholtslaug,2021-11-05T17:20:02Z,197
Grafarvogslaug,2021-11-05T17:20:02Z,166
Laugardalslaug,2021-11-05T17:20:02Z,185
Sundhöll Reykjavíkur,2021-11-05T17:20:02Z,299
Vesturbæjarlaug,2021-11-05T17:20:02Z,345
Árbæjarlaug,2021-11-05T17:25:02Z,182
Breiðholtslaug,2021-11-05T17:25:02Z,202
Grafarvogslaug,2021-11-05T17:25:02Z,166
Laugardalslaug,2021-11-05T17:25:02Z,206
Sundhöll Reykjavíkur,2021-11-05T17:25:02Z,300
Vesturbæjarlaug,2021-11-05T17:25:02Z,349
Árbæjarlaug,2021-11-05T17:30:02Z,183
Breiðholtslaug,2021-11-05T17:30:02Z,207
Grafarvogslaug,2021-11-05T17:30:02Z,167
Laugardalslaug,2021-11-05T17:30:02Z,212
Sundhöll Reykjavíkur,2021-11-05T17:30:02Z,303
Vesturbæjarlaug,2021-11-05T17:30:02Z,352
Árbæjarlaug,2021-11-05T17:35:02Z,184
Breiðholtslaug,2021-11-05T17:35:02Z,207
Grafarvogslaug,2021-11-05T17:35:02Z,168
Laugardalslaug,2021-11-05T17:35:02Z,218
Sundhöll Reykjavíkur,2021-11-05T17:35:02Z,306
Vesturbæjarlaug,2021-11-05T17:35:02Z,353
Árbæjarlaug,2021-11-05T17:40:02Z,185
Breiðholtslaug,2021-11-05T17:40:02Z,209
Grafarvogslaug,2021-11-05T17:40:02Z,172
Laugardalslaug,2021-11-05T17:40:02Z,215
Sundhöll Reykjavíkur,2021-11-05T17:40:02Z,310
Vesturbæjarlaug,2021-11-05T17:40:02Z,354
Árbæjarlaug,2021-11-05T17:45:03Z,186
Breiðholtslaug,2021-11-05T17:45:03Z,209
Grafarvogslaug,2021-11-05T17:45:03Z,172
Laugardalslaug,2021-11-05T17:45:03Z,217
Sundhöll Reykjavíkur,2021-11-05T17:45:03Z,310
Vesturbæjarlaug,2021-11-05T17:45:03Z,359
Árbæjarlaug,2021-11-05T17:50:02Z,189
Breiðholtslaug,2021-11-05T17:50:02Z,210
Grafarvogslaug,2021-11-05T17:50:02Z,175
Laugardalslaug,2021-11-05T17:50:02Z,221
Sundhöll Reykjavíkur,2021-11-05T17:50:02Z,312
Vesturbæjarlaug,2021-11-05T17:50:02Z,364
Árbæjarlaug,2021-11-05T17:55:02Z,192
Breiðholtslaug,2021-11-05T17:55:02Z,212
Grafarvogslaug,2021-11-05T17:55:02Z,177
Laugardalslaug,2021-11-05T17:55:02Z,229
Sundhöll Reykjavíkur,2021-11-05T17:55:02Z,317
Vesturbæjarlaug,2021-11-05T17:55:02Z,366
Árbæjarlaug,2021-11-05T18:00:03Z,194
Breiðholtslaug,2021-11-05T18:00:03Z,214
Grafarvogslaug,2021-11-05T18:00:03Z,178
Laugardalslaug,2021-11-05T18:00:03Z,227
Sundhöll Reykjavíkur,2021-11-05T18:00:03Z,317
Vesturbæjarlaug,2021-11-05T18:00:03Z,368
Árbæjarlaug,2021-11-05T18:05:02Z,194
Breiðholtslaug,2021-11-05T18:05:02Z,215
Grafarvogslaug,2021-11-05T18:05:02Z,178
Laugardalslaug,2021-11-05T18:05:02Z,221
Sundhöll Reykjavíkur,2021-11-05T18:05:02Z,321
Vesturbæjarlaug,2021-11-05T18:05:02Z,370
Árbæjarlaug,2021-11-05T18:10:02Z,194
Breiðholtslaug,2021-11-05T18:10:02Z,216
Grafarvogslaug,2021-11-05T18:10:02Z,178
Laugardalslaug,2021-11-05T18:10:02Z,215
Sundhöll Reykjavíkur,2021-11-05T18:10:02Z,323
Vesturbæjarlaug,2021-11-05T18:10:02Z,371
Árbæjarlaug,2021-11-05T18:15:02Z,194
Breiðholtslaug,2021-11-05T18:15:02Z,219
Grafarvogslaug,2021-11-05T18:15:02Z,180
Laugardalslaug,2021-11-05T18:15:02Z,208
Sundhöll Reykjavíkur,2021-11-05T18:15:02Z,326
Vesturbæjarlaug,2021-11-05T18:15:02Z,373
Árbæjarlaug,2021-11-05T18:20:03Z,197
Breiðholtslaug,2021-11-05T18:20:03Z,220
Grafarvogslaug,2021-11-05T18:20:03Z,183
Laugardalslaug,2021-11-05T18:20:03Z,203
Sundhöll Reykjavíkur,2021-11-05T18:20:03Z,326
Vesturbæjarlaug,2021-11-05T18:20:03Z,376
Árbæjarlaug,2021-11-05T18:25:02Z,199
Breiðholtslaug,2021-11-05T18:25:02Z,221
Grafarvogslaug,2021-11-05T18:25:02Z,185
Laugardalslaug,2021-11-05T18:25:02Z,206
Sundhöll Reykjavíkur,2021-11-05T18:25:02Z,331
Vesturbæjarlaug,2021-11-05T18:25:02Z,381
Árbæjarlaug,2021-11-05T18:30:02Z,201
Breiðholtslaug,2021-11-05T18:30:02Z,222
Grafarvogslaug,2021-11-05T18:30:02Z,188
Laugardalslaug,2021-11-05T18:30:02Z,200
Sundhöll Reykjavíkur,2021-11-05T18:30:02Z,333
Vesturbæjarlaug,2021-11-05T18:30:02Z,381
Árbæjarlaug,2021-11-05T18:35:02Z,203
Breiðholtslaug,2021-11-05T18:35:02Z,223
Grafarvogslaug,2021-11-05T18:35:02Z,189
Laugardalslaug,2021-11-05T18:35:02Z,198
Sundhöll Reykjavíkur,2021-11-05T18:35:02Z,336
Vesturbæjarlaug,2021-11-05T18:35:02Z,384
Árbæjarlaug,2021-11-05T18:40:03Z,204
Breiðholtslaug,2021-11-05T18:40:03Z,224
Grafarvogslaug,2021-11-05T18:40:03Z,189
Laugardalslaug,2021-11-05T18:40:03Z,195
Sundhöll Reykjavíkur,2021-11-05T18:40:03Z,339
Vesturbæjarlaug,2021-11-05T18:40:03Z,392
Árbæjarlaug,2021-11-05T18:45:02Z,208
Breiðholtslaug,2021-11-05T18:45:02Z,228
Grafarvogslaug,2021-11-05T18:45:02Z,189
Laugardalslaug,2021-11-05T18:45:02Z,195
Sundhöll Reykjavíkur,2021-11-05T18:45:02Z,339
Vesturbæjarlaug,2021-11-05T18:45:02Z,393
Árbæjarlaug,2021-11-05T18:50:02Z,210
Breiðholtslaug,2021-11-05T18:50:02Z,228
Grafarvogslaug,2021-11-05T18:50:02Z,190
Laugardalslaug,2021-11-05T18:50:02Z,196
Sundhöll Reykjavíkur,2021-11-05T18:50:02Z,342
Vesturbæjarlaug,2021-11-05T18:50:02Z,400
Árbæjarlaug,2021-11-05T18:55:02Z,210
Breiðholtslaug,2021-11-05T18:55:02Z,229
Grafarvogslaug,2021-11-05T18:55:02Z,191
Laugardalslaug,2021-11-05T18:55:02Z,195
Sundhöll Reykjavíkur,2021-11-05T18:55:02Z,345
Vesturbæjarlaug,2021-11-05T18:55:02Z,401
Árbæjarlaug,2021-11-05T19:00:02Z,212
Breiðholtslaug,2021-11-05T19:00:02Z,231
Grafarvogslaug,2021-11-05T19:00:02Z,192
Laugardalslaug,2021-11-05T19:00:02Z,196
Sundhöll Reykjavíkur,2021-11-05T19:00:02Z,347
Vesturbæjarlaug,2021-11-05T19:00:02Z,401
Árbæjarlaug,2021-11-05T19:05:02Z,213
Breiðholtslaug,2021-11-05T19:05:02Z,231
Grafarvogslaug,2021-11-05T19:05:02Z,194
Laugardalslaug,2021-11-05T19:05:02Z,196
Sundhöll Reykjavíkur,2021-11-05T19:05:02Z,348
Vesturbæjarlaug,2021-11-05T19:05:02Z,404
Árbæjarlaug,2021-11-05T19:10:02Z,213
Breiðholtslaug,2021-11-05T19:10:02Z,233
Grafarvogslaug,2021-11-05T19:10:02Z,196
Laugardalslaug,2021-11-05T19:10:02Z,195
Sundhöll Reykjavíkur,2021-11-05T19:10:02Z,354
Vesturbæjarlaug,2021-11-05T19:10:02Z,406
Árbæjarlaug,2021-11-05T19:15:02Z,214
Breiðholtslaug,2021-11-05T19:15:02Z,233
Grafarvogslaug,2021-11-05T19:15:02Z,196
Laugardalslaug,2021-11-05T19:15:02Z,196
Sundhöll Reykjavíkur,2021-11-05T19:15:02Z,356
Vesturbæjarlaug,2021-11-05T19:15:02Z,407
Árbæjarlaug,2021-11-05T19:20:02Z,216
Breiðholtslaug,2021-11-05T19:20:02Z,235
Grafarvogslaug,2021-11-05T19:20:02Z,198
Laugardalslaug,2021-11-05T19:20:02Z,196
Sundhöll Reykjavíkur,2021-11-05T19:20:02Z,357
Vesturbæjarlaug,2021-11-05T19:20:02Z,407
Árbæjarlaug,2021-11-05T19:25:02Z,216
Breiðholtslaug,2021-11-05T19:25:02Z,235
Grafarvogslaug,2021-11-05T19:25:02Z,201
Laugardalslaug,2021-11-05T19:25:02Z,194
Sundhöll Reykjavíkur,2021-11-05T19:25:02Z,360
Vesturbæjarlaug,2021-11-05T19:25:02Z,410
Árbæjarlaug,2021-11-05T19:30:02Z,216
Breiðholtslaug,2021-11-05T19:30:02Z,237
Grafarvogslaug,2021-11-05T19:30:02Z,204
Laugardalslaug,2021-11-05T19:30:02Z,197
Sundhöll Reykjavíkur,2021-11-05T19:30:02Z,363
Vesturbæjarlaug,2021-11-05T19:30:02Z,415
Árbæjarlaug,2021-11-05T19:35:02Z,217
Breiðholtslaug,2021-11-05T19:35:02Z,238
Grafarvogslaug,2021-11-05T19:35:02Z,204
Laugardalslaug,2021-11-05T19:35:02Z,196
Sundhöll Reykjavíkur,2021-11-05T19:35:02Z,365
Vesturbæjarlaug,2021-11-05T19:35:02Z,415
Árbæjarlaug,2021-11-05T19:40:03Z,222
Breiðholtslaug,2021-11-05T19:40:03Z,240
Grafarvogslaug,2021-11-05T19:40:03Z,204
Laugardalslaug,2021-11-05T19:40:03Z,195
Sundhöll Reykjavíkur,2021-11-05T19:40:03Z,366
Vesturbæjarlaug,2021-11-05T19:40:03Z,416
Árbæjarlaug,2021-11-05T19:45:03Z,223
Breiðholtslaug,2021-11-05T19:45:03Z,241
Grafarvogslaug,2021-11-05T19:45:03Z,204
Laugardalslaug,2021-11-05T19:45:03Z,198
Sundhöll Reykjavíkur,2021-11-05T19:45:03Z,370
Vesturbæjarlaug,2021-11-05T19:45:03Z,419
Árbæjarlaug,2021-11-05T19:50:02Z,225
Breiðholtslaug,2021-11-05T19:50:02Z,241
Grafarvogslaug,2021-11-05T19:50:02Z,208
Laugardalslaug,2021-11-05T19:50:02Z,197
Sundhöll Reykjavíkur,2021-11-05T19:50:02Z,372
Vesturbæjarlaug,2021-11-05T19:50:02Z,421
Árbæjarlaug,2021-11-05T19:55:04Z,225
Breiðholtslaug,2021-11-05T19:55:04Z,241
Grafarvogslaug,2021-11-05T19:55:04Z,209
Laugardalslaug,2021-11-05T19:55:04Z,195
Sundhöll Reykjavíkur,2021-11-05T19:55:04Z,373
Vesturbæjarlaug,2021-11-05T19:55:04Z,422
Árbæjarlaug,2021-11-05T20:00:02Z,226
Breiðholtslaug,2021-11-05T20:00:02Z,241
Grafarvogslaug,2021-11-05T20:00:02Z,212
Laugardalslaug,2021-11-05T20:00:02Z,194
Sundhöll Reykjavíkur,2021-11-05T20:00:02Z,376
Vesturbæjarlaug,2021-11-05T20:00:02Z,424
Árbæjarlaug,2021-11-05T20:05:02Z,226
Breiðholtslaug,2021-11-05T20:05:02Z,247
Grafarvogslaug,2021-11-05T20:05:02Z,214
Laugardalslaug,2021-11-05T20:05:02Z,185
Sundhöll Reykjavíkur,2021-11-05T20:05:02Z,378
Vesturbæjarlaug,2021-11-05T20:05:02Z,427
Árbæjarlaug,2021-11-05T20:10:02Z,227
Breiðholtslaug,2021-11-05T20:10:02Z,247
Grafarvogslaug,2021-11-05T20:10:02Z,216
Laugardalslaug,2021-11-05T20:10:02Z,183
Sundhöll Reykjavíkur,2021-11-05T20:10:02Z,380
Vesturbæjarlaug,2021-11-05T20:10:02Z,430
Árbæjarlaug,2021-11-05T20:15:03Z,228
Breiðholtslaug,2021-11-05T20:15:03Z,248
Grafarvogslaug,2021-11-05T20:15:03Z,216
Laugardalslaug,2021-11-05T20:15:03Z,187
Sundhöll Reykjavíkur,2021-11-05T20:15:03Z,382
Vesturbæjarlaug,2021-11-05T20:15:03Z,436
Árbæjarlaug,2021-11-05T20:20:02Z,228
Breiðholtslaug,2021-11-05T20:20:02Z,248
Grafarvogslaug,2021-11-05T20:20:02Z,217
Laugardalslaug,2021-11-05T20:20:02Z,187
Sundhöll Reykjavíkur,2021-11-05T20:20:02Z,384
Vesturbæjarlaug,2021-11-05T20:20:02Z,438
Árbæjarlaug,2021-11-05T20:25:02Z,229
Breiðholtslaug,2021-11-05T20:25:02Z,249
Grafarvogslaug,2021-11-05T20:25:02Z,219
Laugardalslaug,2021-11-05T20:25:02Z,187
Sundhöll Reykjavíkur,2021-11-05T20:25:02Z,385
Vesturbæjarlaug,2021-11-05T20:25:02Z,441
Árbæjarlaug,2021-11-05T20:30:02Z,230
Breiðholtslaug,2021-11-05T20:30:02Z,249
Grafarvogslaug,2021-11-05T20:30:02Z,221
Laugardalslaug,2021-11-05T20:30:02Z,186
Sundhöll Reykjavíkur,2021-11-05T20:30:02Z,385
Vesturbæjarlaug,2021-11-05T20:30:02Z,444
Árbæjarlaug,2021-11-05T20:35:02Z,230
Breiðholtslaug,2021-11-05T20:35:02Z,251
Grafarvogslaug,2021-11-05T20:35:02Z,223
Laugardalslaug,2021-11-05T20:35:02Z,187
Sundhöll Reykjavíkur,2021-11-05T20:35:02Z,388
Vesturbæjarlaug,2021-11-05T20:35:02Z,450
Árbæjarlaug,2021-11-05T20:40:02Z,230
Breiðholtslaug,2021-11-05T20:40:02Z,251
Grafarvogslaug,2021-11-05T20:40:02Z,223
Laugardalslaug,2021-11-05T20:40:02Z,188
Sundhöll Reykjavíkur,2021-11-05T20:40:02Z,390
Vesturbæjarlaug,2021-11-05T20:40:02Z,456
Árbæjarlaug,2021-11-05T20:45:03Z,230
Breiðholtslaug,2021-11-05T20:45:03Z,252
Grafarvogslaug,2021-11-05T20:45:03Z,224
Laugardalslaug,2021-11-05T20:45:03Z,189
Sundhöll Reykjavíkur,2021-11-05T20:45:03Z,391
Vesturbæjarlaug,2021-11-05T20:45:03Z,459
Árbæjarlaug,2021-11-05T20:50:03Z,231
Breiðholtslaug,2021-11-05T20:50:03Z,256
Grafarvogslaug,2021-11-05T20:50:03Z,225
Laugardalslaug,2021-11-05T20:50:03Z,189
Sundhöll Reykjavíkur,2021-11-05T20:50:03Z,393
Vesturbæjarlaug,2021-11-05T20:50:03Z,463
Árbæjarlaug,2021-11-05T20:55:02Z,232
Breiðholtslaug,2021-11-05T20:55:02Z,257
Grafarvogslaug,2021-11-05T20:55:02Z,226
Laugardalslaug,2021-11-05T20:55:02Z,189
Sundhöll Reykjavíkur,2021-11-05T20:55:02Z,393
Vesturbæjarlaug,2021-11-05T20:55:02Z,464
Árbæjarlaug,2021-11-05T21:00:02Z,232
Breiðholtslaug,2021-11-05T21:00:02Z,262
Grafarvogslaug,2021-11-05T21:00:02Z,227
Laugardalslaug,2021-11-05T21:00:02Z,188
Sundhöll Reykjavíkur,2021-11-05T21:00:02Z,400
Vesturbæjarlaug,2021-11-05T21:00:02Z,464
Árbæjarlaug,2021-11-05T21:05:02Z,233
Breiðholtslaug,2021-11-05T21:05:02Z,263
Grafarvogslaug,2021-11-05T21:05:02Z,227
Laugardalslaug,2021-11-05T21:05:02Z,191
Sundhöll Reykjavíkur,2021-11-05T21:05:02Z,402
Vesturbæjarlaug,2021-11-05T21:05:02Z,470
Árbæjarlaug,2021-11-05T21:10:03Z,236
Breiðholtslaug,2021-11-05T21:10:03Z,263
Grafarvogslaug,2021-11-05T21:10:03Z,229
Laugardalslaug,2021-11-05T21:10:03Z,193
Sundhöll Reykjavíkur,2021-11-05T21:10:03Z,407
Vesturbæjarlaug,2021-11-05T21:10:03Z,474
Árbæjarlaug,2021-11-05T21:15:02Z,236
Breiðholtslaug,2021-11-05T21:15:02Z,263
Grafarvogslaug,2021-11-05T21:15:02Z,231
Laugardalslaug,2021-11-05T21:15:02Z,194
Sundhöll Reykjavíkur,2021-11-05T21:15:02Z,411
Vesturbæjarlaug,2021-11-05T21:15:02Z,479
Árbæjarlaug,2021-11-05T21:20:03Z,236
Breiðholtslaug,2021-11-05T21:20:03Z,263
Grafarvogslaug,2021-11-05T21:20:03Z,231
Laugardalslaug,2021-11-05T21:20:03Z,191
Sundhöll Reykjavíkur,2021-11-05T21:20:03Z,412
Vesturbæjarlaug,2021-11-05T21:20:03Z,481
Árbæjarlaug,2021-11-05T21:25:03Z,238
Breiðholtslaug,2021-11-05T21:25:03Z,263
Grafarvogslaug,2021-11-05T21:25:03Z,232
Laugardalslaug,2021-11-05T21:25:03Z,191
Sundhöll Reykjavíkur,2021-11-05T21:25:03Z,413
Vesturbæjarlaug,2021-11-05T21:25:03Z,483
Árbæjarlaug,2021-11-05T21:30:03Z,239
Breiðholtslaug,2021-11-05T21:30:03Z,263
Grafarvogslaug,2021-11-05T21:30:03Z,232
Laugardalslaug,2021-11-05T21:30:03Z,193
Sundhöll Reykjavíkur,2021-11-05T21:30:03Z,415
Vesturbæjarlaug,2021-11-05T21:30:03Z,484
Árbæjarlaug,2021-11-05T21:35:02Z,240
Breiðholtslaug,2021-11-05T21:35:02Z,263
Grafarvogslaug,2021-11-05T21:35:02Z,232
Laugardalslaug,2021-11-05T21:35:02Z,193
Sundhöll Reykjavíkur,2021-11-05T21:35:02Z,416
Vesturbæjarlaug,2021-11-05T21:35:02Z,486
Árbæjarlaug,2021-11-05T21:40:02Z,242
Breiðholtslaug,2021-11-05T21:40:02Z,263
Grafarvogslaug,2021-11-05T21:40:02Z,232
Laugardalslaug,2021-11-05T21:40:02Z,195
Sundhöll Reykjavíkur,2021-11-05T21:40:02Z,417
Vesturbæjarlaug,2021-11-05T21:40:02Z,486
Árbæjarlaug,2021-11-05T21:45:02Z,242
Breiðholtslaug,2021-11-05T21:45:02Z,263
Grafarvogslaug,2021-11-05T21:45:02Z,232
Laugardalslaug,2021-11-05T21:45:02Z,195
Sundhöll Reykjavíkur,2021-11-05T21:45:02Z,417
Vesturbæjarlaug,2021-11-05T21:45:02Z,486
Árbæjarlaug,2021-11-05T21:50:02Z,242
Breiðholtslaug,2021-11-05T21:50:02Z,263
Grafarvogslaug,2021-11-05T21:50:02Z,232
Laugardalslaug,2021-11-05T21:50:02Z,194
Sundhöll Reykjavíkur,2021-11-05T21:50:02Z,418
Vesturbæjarlaug,2021-11-05T21:50:02Z,489
Árbæjarlaug,2021-11-05T21:55:03Z,242
Breiðholtslaug,2021-11-05T21:55:03Z,263
Grafarvogslaug,2021-11-05T21:55:03Z,232
Laugardalslaug,2021-11-05T21:55:03Z,193
Sundhöll Reykjavíkur,2021-11-05T21:55:03Z,418
Vesturbæjarlaug,2021-11-05T21:55:03Z,489
Árbæjarlaug,2021-11-05T22:00:02Z,242
Breiðholtslaug,2021-11-05T22:00:02Z,263
Grafarvogslaug,2021-11-05T22:00:02Z,232
Laugardalslaug,2021-11-05T22:00:02Z,192
Sundhöll Reykjavíkur,2021-11-05T22:00:02Z,418
Vesturbæjarlaug,2021-11-05T22:00:02Z,489
Árbæjarlaug,2021-11-05T22:05:02Z,242
Breiðholtslaug,2021-11-05T22:05:02Z,263
Grafarvogslaug,2021-11-05T22:05:02Z,232
Laugardalslaug,2021-11-05T22:05:02Z,192
Sundhöll Reykjavíkur,2021-11-05T22:05:02Z,418
Vesturbæjarlaug,2021-11-05T22:05:02Z,489
Árbæjarlaug,2021-11-05T22:10:03Z,242
Breiðholtslaug,2021-11-05T22:10:03Z,263
Grafarvogslaug,2021-11-05T22:10:03Z,232
Laugardalslaug,2021-11-05T22:10:03Z,190
Sundhöll Reykjavíkur,2021-11-05T22:10:03Z,418
Vesturbæjarlaug,2021-11-05T22:10:03Z,489
Árbæjarlaug,2021-11-05T22:15:02Z,242
Breiðholtslaug,2021-11-05T22:15:02Z,263
Grafarvogslaug,2021-11-05T22:15:02Z,232
Laugardalslaug,2021-11-05T22:15:02Z,183
Sundhöll Reykjavíkur,2021-11-05T22:15:02Z,418
Vesturbæjarlaug,2021-11-05T22:15:02Z,489
Árbæjarlaug,2021-11-05T22:20:02Z,242
Breiðholtslaug,2021-11-05T22:20:02Z,263
Grafarvogslaug,2021-11-05T22:20:02Z,232
Laugardalslaug,2021-11-05T22:20:02Z,180
Sundhöll Reykjavíkur,2021-11-05T22:20:02Z,418
Vesturbæjarlaug,2021-11-05T22:20:02Z,489
Árbæjarlaug,2021-11-05T22:25:02Z,242
Breiðholtslaug,2021-11-05T22:25:02Z,263
Grafarvogslaug,2021-11-05T22:25:02Z,232
Laugardalslaug,2021-11-05T22:25:02Z,180
Sundhöll Reykjavíkur,2021-11-05T22:25:02Z,418
Vesturbæjarlaug,2021-11-05T22:25:02Z,489
Árbæjarlaug,2021-11-05T22:30:02Z,242
Breiðholtslaug,2021-11-05T22:30:02Z,263
Grafarvogslaug,2021-11-05T22:30:02Z,232
Laugardalslaug,2021-11-05T22:30:02Z,180
Sundhöll Reykjavíkur,2021-11-05T22:30:02Z,418
Vesturbæjarlaug,2021-11-05T22:30:02Z,489
Árbæjarlaug,2021-11-05T22:35:02Z,242
Breiðholtslaug,2021-11-05T22:35:02Z,263
Grafarvogslaug,2021-11-05T22:35:02Z,232
Laugardalslaug,2021-11-05T22:35:02Z,180
Sundhöll Reykjavíkur,2021-11-05T22:35:02Z,418
Vesturbæjarlaug,2021-11-05T22:35:02Z,489
Árbæjarlaug,2021-11-05T22:40:02Z,242
Breiðholtslaug,2021-11-05T22:40:02Z,263
Grafarvogslaug,2021-11-05T22:40:02Z,232
Laugardalslaug,2021-11-05T22:40:02Z,180
Sundhöll Reykjavíkur,2021-11-05T22:40:02Z,418
Vesturbæjarlaug,2021-11-05T22:40:02Z,489
Árbæjarlaug,2021-11-05T22:45:02Z,242
Breiðholtslaug,2021-11-05T22:45:02Z,263
Grafarvogslaug,2021-11-05T22:45:02Z,232
Laugardalslaug,2021-11-05T22:45:02Z,180
Sundhöll Reykjavíkur,2021-11-05T22:45:02Z,418
Vesturbæjarlaug,2021-11-05T22:45:02Z,489
Árbæjarlaug,2021-11-05T22:50:03Z,242
Breiðholtslaug,2021-11-05T22:50:03Z,263
Grafarvogslaug,2021-11-05T22:50:03Z,232
Laugardalslaug,2021-11-05T22:50:03Z,180
Sundhöll Reykjavíkur,2021-11-05T22:50:03Z,418
Vesturbæjarlaug,2021-11-05T22:50:03Z,489
Árbæjarlaug,2021-11-05T22:55:02Z,242
Breiðholtslaug,2021-11-05T22:55:02Z,263
Grafarvogslaug,2021-11-05T22:55:02Z,232
Laugardalslaug,2021-11-05T22:55:02Z,180
Sundhöll Reykjavíkur,2021-11-05T22:55:02Z,418
Vesturbæjarlaug,2021-11-05T22:55:02Z,489
